OL;OR;UR;UL
37.991268,23.731006;37.991267, 23.731085;37.990097, 23.730805;37.990107, 23.730730
37.991267, 23.731085;37.991258, 23.731123;37.990096, 23.730832;37.990097, 23.730805
37.991258, 23.731123;37.991238,23.731186;37.990089, 23.730882;37.990096, 23.730832
