OL;OR;UR;UL
37.987843,23.727636;37.987815,23.727761;37.987247,23.726828;37.987339,23.726821
37.987815,23.727761;37.987771,23.727769;37.987253,23.726909;37.987247,23.726828
