OL;OR;UR;UL
37.991268,23.731006;37.991270, 23.731082;37.990097, 23.730802;37.990107, 23.730730
37.991270, 23.731082;37.991258, 23.731123;37.990086, 23.730829;37.990097, 23.730802
37.991258, 23.731123;37.991238,23.731186;37.990089, 23.730882;37.990086, 23.730829
