OL;OR;UR;UL
37.991399,23.731013;37.991331, 23.731004;37.991497, 23.729946;37.991539,23.729974
37.991331, 23.731004;37.991292,23.730988;37.991444,23.729952;37.991497, 23.729946
