OL;OR;UR;UL
37.99011,23.729593;37.990148, 23.729586;37.989985, 23.730675;37.989937,23.730659
37.990148, 23.729586;37.990201,23.729613;37.990054,23.7307;37.989985, 23.730675
