OL;OR;UR;UL
37.991461,23.734021;37.991400, 23.734015;37.991539, 23.733145;37.991589,23.733177
37.991400, 23.734015;37.991372, 23.734002;37.991507, 23.733140;37.991539, 23.733145
37.991372, 23.734002;37.991337,23.733988;37.991469, 23.733146;37.991507, 23.733140
