OL;OR;UR;UL
37.987979,23.728257;37.988027, 23.728197;37.988516, 23.729027;37.988441,23.729
37.988027, 23.728197;37.98808015,23.72816643;37.988508,23.728905;37.988516, 23.729027
