OL;OR;UR;UL
37.980831,23.730832;37.980849, 23.730871;37.980161, 23.731451;37.980145,23.731402
37.980849, 23.730871;37.980865, 23.730903;37.980170, 23.731490;37.980161, 23.731451
37.980865, 23.730903;37.980877,23.730955;37.98020288,23.73151623;37.980170, 23.731490
