OL;OR;UR;UL
37.991224,23.735388;37.991184, 23.735395;37.991376, 23.734184;37.991427, 23.734227
37.991184, 23.735395;37.991159, 23.735368;37.991347, 23.734179;37.991376, 23.734184
37.991159, 23.735368;37.991136,23.735368;37.991314,23.73421;37.991347, 23.734179
